model,mmlupro_overall,mmlupro_quality,hotpotqa_ans_f1,hotpotqa_sp_f1,narrativeqa_max_f1,qasper_max_f1,cnn_rouge1_f1,cnn_rouge2_f1,cnn_rougeL_f1,cnn_bertscore_f1,math_quality,drop_quality,humaneval_pass@1,humaneval_pass@4
GPT_4_1,0.805,0.64,0.8562002442002442,0.8906666666666666,0.7707125759121101,0.6765362321805638,0.3555135380136891,0.1260731929601183,0.2130901778706469,0.8696234208345414,0.89,0.89,0.8740000000000001,0.9007368421052632
GPT_4_1_MINI,0.772,0.59,0.8343448266709136,0.8693333333333334,0.7550273533742852,0.5964947178938141,0.3639936914650341,0.1311688108687171,0.2224815371707096,0.8697965437173844,0.95,0.83,0.868,0.9378018575851392
GPT_4_1_NANO,0.623,0.46,0.751829365079365,0.3376666666666666,0.6357036598878704,0.5608899626896766,0.3574440721998569,0.1189033262093555,0.217759499470842,0.8687691694498062,0.86,0.72,0.7805,0.8314881320949432
GPT_4o,0.741,0.6,0.90340873015873,0.8773333333333333,0.8078259258195627,0.6619182011633983,0.3567566831141949,0.1268748849584983,0.2177535357518855,0.8704697322845459,0.77,0.91,0.885,0.9541279669762642
GPT_4o_MINI,0.627,0.42,0.843265873015873,0.8176666666666667,0.7499634318961066,0.6771395560046046,0.3557543987400391,0.1204277836728704,0.2150026546806133,0.8702539664506912,0.78,0.8,0.742,0.8064623323013416
GPT_5,0.87,0.84,0.8971349206349207,0.9115714285714286,0.7228089617529676,0.6009360634342511,0.3478996820818079,0.1145939006752536,0.2083109741009171,0.8614492285251617,0.92,0.91,0.9266842105263158,0.9795134158926728
GPT_5_MINI,0.825,0.8,0.8995753968253968,0.9056190476190475,0.7732397520882935,0.6232388468855721,0.3463792021423868,0.1232956294517476,0.2066330252231883,0.8613850390911102,0.92,0.93,0.9125,0.9752094943240454
GPT_5_NANO,0.779,0.79,0.8955714285714287,0.8003333333333333,0.7226938417508696,0.5408415579436905,0.347039515072846,0.1281802621596434,0.2080929258628946,0.8635951352119445,0.96,0.89,0.865,0.9311289989680084
o4_MINI,0.8059999999999999,0.79,0.9028748473748474,0.8656666666666666,0.7250006668084208,0.5816415101958787,0.351477813727382,0.1127911260608978,0.2051361341537148,0.8623321670293808,0.95,0.84,0.9288684210526316,0.982892156862745
