plan_label,quality,total_latency_secs,total_cost_usd,op_latency_secs,op_cost_usd,correct,n_papers,error
"('GPT_5', 'GPT_5')",1.0,32.65237784385681,0.029585,"[21.38291573524475, 11.26946210861206]","[0.0199325, 0.009652500000000001]",3.0,3,
"('GPT_5', 'GPT_5_MINI')",1.0,30.902010202407837,0.01946225,"[22.366259813308716, 8.535750389099121]","[0.0180425, 0.00141975]",3.0,3,
"('GPT_5', 'o4_MINI')",1.0,36.12883973121643,0.0307053,"[28.666258811950684, 7.462580919265747]","[0.026912500000000006, 0.0037928]",3.0,3,
"('GPT_5', 'GPT_4_1')",1.0,23.67869281768799,0.0274745,"[20.640976190567017, 3.0377166271209717]","[0.021622500000000003, 0.0058519999999999996]",3.0,3,
"('GPT_5', 'GPT_5_NANO')",1.0,24.572295427322388,0.018994800000000003,"[16.523285627365112, 8.049009799957275]","[0.0185325, 0.0004623]",3.0,3,
"('GPT_5', 'GPT_4_1_MINI')",1.0,25.793564081192017,0.0269449,"[22.987074613571167, 2.8064894676208496]","[0.0260325, 0.0009124]",3.0,3,
"('GPT_5', 'GPT_4o')",1.0,31.126585483551025,0.0338325,"[27.701486825942993, 3.4250986576080322]","[0.0264125, 0.00742]",3.0,3,
"('GPT_5', 'GPT_4o_MINI')",1.0,23.62053942680359,0.0204775,"[19.260558366775513, 4.359981060028076]","[0.0200425, 0.000435]",3.0,3,
"('GPT_5', 'GPT_4_1_NANO')",0.6666666666666666,37.9964919090271,0.0209469,"[35.708837032318115, 2.2876548767089844]","[0.0206425, 0.0003044]",2.0,3,
"('GPT_5_MINI', 'GPT_5')",1.0,23.890893936157227,0.0106125,"[15.958587646484375, 7.932306289672852]","[0.0028025, 0.007810000000000001]",3.0,3,
"('GPT_5_MINI', 'GPT_5_MINI')",1.0,25.075744152069092,0.00433325,"[18.750101566314697, 6.3256425857543945]","[0.0032725000000000002, 0.00106075]",3.0,3,
"('GPT_5_MINI', 'o4_MINI')",1.0,23.467884302139282,0.0071834,"[17.15894842147827, 6.308935880661011]","[0.0030485, 0.0041349]",3.0,3,
"('GPT_5_MINI', 'GPT_4_1')",1.0,17.75378704071045,0.0087165,"[14.669079542160034, 3.084707498550415]","[0.0028304999999999997, 0.005886]",3.0,3,
"('GPT_5_MINI', 'GPT_5_NANO')",1.0,26.50585412979126,0.0035557999999999996,"[16.51190447807312, 9.99394965171814]","[0.0030645, 0.0004913000000000001]",3.0,3,
"('GPT_5_MINI', 'GPT_4_1_MINI')",1.0,15.68793272972107,0.0039369,"[14.180566310882568, 1.507366418838501]","[0.0030245, 0.0009124]",3.0,3,
"('GPT_5_MINI', 'GPT_4o')",1.0,20.521075010299683,0.0104255,"[16.927727699279785, 3.5933473110198975]","[0.0029804999999999996, 0.007445]",3.0,3,
"('GPT_5_MINI', 'GPT_4o_MINI')",1.0,21.550565719604492,0.0034658,"[15.690763235092163, 5.859802484512329]","[0.0030124999999999996, 0.0004533]",3.0,3,
"('GPT_5_MINI', 'GPT_4_1_NANO')",1.0,16.471028804779053,0.0032218999999999998,"[14.348097324371338, 2.122931480407715]","[0.0029144999999999996, 0.00030740000000000005]",3.0,3,
"('o4_MINI', 'GPT_5')",1.0,22.548601388931274,0.0165215,"[15.029244661331177, 7.519356727600098]","[0.010109, 0.0064125000000000015]",3.0,3,
"('o4_MINI', 'GPT_5_MINI')",1.0,23.1933810710907,0.011497400000000001,"[17.141836166381836, 6.051544904708862]","[0.0104654, 0.001032]",3.0,3,
"('o4_MINI', 'o4_MINI')",,,,,,,3,"1 validation error for Schema['contents', 'filename', 'summary']
summary
  Input should be a valid string [type=string_type, input_value=None, input_type=NoneType]
    For further information visit https://errors.pydantic.dev/2.12/v/string_type"
"('o4_MINI', 'GPT_4_1')",1.0,15.438950538635254,0.014815,"[12.481484413146973, 2.9574661254882812]","[0.008899, 0.005915999999999999]",3.0,3,
"('o4_MINI', 'GPT_5_NANO')",1.0,21.31330895423889,0.0091868,"[11.881768465042114, 9.431540489196777]","[0.0086746, 0.0005122]",3.0,3,
"('o4_MINI', 'GPT_4_1_MINI')",1.0,13.953207731246948,0.010030200000000001,"[12.598888874053955, 1.3543188571929932]","[0.0091278, 0.0009024]",3.0,3,
"('o4_MINI', 'GPT_4o')",1.0,14.837836265563965,0.0156366,"[11.81824517250061, 3.0195910930633545]","[0.0082566, 0.00738]",3.0,3,
"('o4_MINI', 'GPT_4o_MINI')",,,,,,,3,"1 validation error for Schema['contents', 'filename', 'summary']
summary
  Input should be a valid string [type=string_type, input_value=None, input_type=NoneType]
    For further information visit https://errors.pydantic.dev/2.12/v/string_type"
"('o4_MINI', 'GPT_4_1_NANO')",0.6666666666666666,14.534691333770752,0.009019800000000001,"[12.556228637695312, 1.9784626960754395]","[0.0087142, 0.00030560000000000006]",2.0,3,
"('GPT_4_1', 'GPT_5')",0.3333333333333333,20.076528549194336,0.019859,"[7.198428630828857, 12.878099918365479]","[0.012274, 0.007585000000000001]",1.0,3,
"('GPT_4_1', 'GPT_5_MINI')",0.6666666666666666,14.68557596206665,0.01355375,"[7.539961576461792, 7.145614385604858]","[0.012178, 0.00137575]",2.0,3,
"('GPT_4_1', 'o4_MINI')",0.3333333333333333,13.815510988235474,0.0160385,"[7.647486448287964, 6.16802453994751]","[0.012105999999999999, 0.0039325]",1.0,3,
"('GPT_4_1', 'GPT_4_1')",0.3333333333333333,10.698668241500854,0.017626000000000003,"[7.038098335266113, 3.660569906234741]","[0.012002, 0.0056240000000000005]",1.0,3,
"('GPT_4_1', 'GPT_5_NANO')",0.3333333333333333,16.808372974395752,0.012648,"[8.534700155258179, 8.273672819137573]","[0.012242, 0.000406]",1.0,3,
"('GPT_4_1', 'GPT_4_1_MINI')",0.3333333333333333,11.331149101257324,0.013047999999999999,"[8.639546394348145, 2.6916027069091797]","[0.012202, 0.0008460000000000001]",1.0,3,
"('GPT_4_1', 'GPT_4o')",0.3333333333333333,11.138271570205688,0.019540500000000002,"[7.823668956756592, 3.3146026134490967]","[0.012098, 0.0074425]",1.0,3,
"('GPT_4_1', 'GPT_4o_MINI')",0.3333333333333333,11.065756559371948,0.012503699999999998,"[6.532040357589722, 4.533716201782227]","[0.01209, 0.0004136999999999999]",1.0,3,
"('GPT_4_1', 'GPT_4_1_NANO')",0.6666666666666666,9.054312705993652,0.0125276,"[6.894439935684204, 2.1598727703094482]","[0.012218, 0.00030960000000000004]",2.0,3,
"('GPT_5_NANO', 'GPT_5')",1.0,33.382354497909546,0.009157500000000002,"[23.443069458007812, 9.939285039901733]","[0.0013925, 0.007765000000000001]",3.0,3,
"('GPT_5_NANO', 'GPT_5_MINI')",1.0,26.82334303855896,0.00253145,"[18.21699595451355, 8.60634708404541]","[0.0012317, 0.00129975]",3.0,3,
"('GPT_5_NANO', 'o4_MINI')",1.0,30.03725266456604,0.0061955000000000005,"[21.928504943847656, 8.108747720718384]","[0.0012653, 0.0049302]",3.0,3,
"('GPT_5_NANO', 'GPT_4_1')",1.0,21.67769432067871,0.0069225,"[17.76726531982422, 3.910429000854492]","[0.0010405, 0.005882]",3.0,3,
"('GPT_5_NANO', 'GPT_5_NANO')",1.0,34.86043977737427,0.0016726000000000002,"[23.10608458518982, 11.754355192184448]","[0.0011041, 0.0005685]",3.0,3,
"('GPT_5_NANO', 'GPT_4_1_MINI')",,,,,,,3,"1 validation error for Schema['contents', 'filename', 'summary']
summary
  Input should be a valid string [type=string_type, input_value=None, input_type=NoneType]
    For further information visit https://errors.pydantic.dev/2.12/v/string_type"
"('GPT_5_NANO', 'GPT_4o')",1.0,28.8612060546875,0.0085942,"[25.640186309814453, 3.221019744873047]","[0.0012117, 0.0073825]",3.0,3,
"('GPT_5_NANO', 'GPT_4o_MINI')",1.0,27.447272539138794,0.0016600000000000002,"[21.827686309814453, 5.619586229324341]","[0.0011929000000000002, 0.00046709999999999997]",3.0,3,
"('GPT_5_NANO', 'GPT_4_1_NANO')",0.6666666666666666,28.68488883972168,0.0017136,"[26.685595273971558, 1.999293565750122]","[0.0013937, 0.0003199]",2.0,3,
"('GPT_4_1_MINI', 'GPT_5')",0.6666666666666666,18.602904558181763,0.010301050000000003,"[6.941420555114746, 11.661484003067017]","[0.0019348000000000004, 0.008366250000000002]",2.0,3,
"('GPT_4_1_MINI', 'GPT_5_MINI')",0.6666666666666666,14.440893411636353,0.0030026000000000002,"[7.4004926681518555, 7.040400743484497]","[0.0019716, 0.001031]",2.0,3,
"('GPT_4_1_MINI', 'o4_MINI')",0.3333333333333333,12.875254392623901,0.005566300000000001,"[5.506309747695923, 7.3689446449279785]","[0.0018516000000000001, 0.0037147000000000005]",1.0,3,
"('GPT_4_1_MINI', 'GPT_4_1')",0.6666666666666666,9.057889699935913,0.007596,"[5.225902080535889, 3.8319876194000244]","[0.0018340000000000003, 0.005762]",2.0,3,
"('GPT_4_1_MINI', 'GPT_5_NANO')",0.6666666666666666,13.097559690475464,0.0022563500000000003,"[4.533738136291504, 8.56382155418396]","[0.0018228000000000003, 0.0004335500000000001]",2.0,3,
"('GPT_4_1_MINI', 'GPT_4_1_MINI')",0.6666666666666666,7.155031204223633,0.0028448,"[5.449178218841553, 1.70585298538208]","[0.0019460000000000002, 0.0008988000000000001]",2.0,3,
"('GPT_4_1_MINI', 'GPT_4o')",0.3333333333333333,8.601415395736694,0.0092904,"[5.565079212188721, 3.0363361835479736]","[0.0018004000000000004, 0.00749]",1.0,3,
"('GPT_4_1_MINI', 'GPT_4o_MINI')",0.6666666666666666,10.909899234771729,0.0023682500000000006,"[5.564359903335571, 5.345539331436157]","[0.0019268000000000002, 0.00044144999999999997]",2.0,3,
"('GPT_4_1_MINI', 'GPT_4_1_NANO')",0.6666666666666666,8.436180114746094,0.0023054,"[6.085972785949707, 2.3502073287963867]","[0.0019764, 0.0003290000000000001]",2.0,3,
"('GPT_4o', 'GPT_5')",0.6666666666666666,14.483953714370728,0.021186250000000004,"[6.992822170257568, 7.491131544113159]","[0.014262500000000003, 0.006923750000000001]",2.0,3,
"('GPT_4o', 'GPT_5_MINI')",0.6666666666666666,15.708914041519165,0.01593625,"[7.471442937850952, 8.237471103668213]","[0.014682500000000001, 0.00125375]",2.0,3,
"('GPT_4o', 'o4_MINI')",0.3333333333333333,11.910290002822876,0.018626200000000002,"[6.115915536880493, 5.794374465942383]","[0.014152500000000002, 0.004473700000000001]",1.0,3,
"('GPT_4o', 'GPT_4_1')",0.6666666666666666,10.962145566940308,0.020054500000000003,"[7.393550395965576, 3.5685951709747314]","[0.014342500000000001, 0.005712]",2.0,3,
"('GPT_4o', 'GPT_5_NANO')",0.6666666666666666,15.70835566520691,0.014128500000000002,"[5.809022665023804, 9.899333000183105]","[0.0136725, 0.000456]",2.0,3,
"('GPT_4o', 'GPT_4_1_MINI')",0.3333333333333333,6.4968085289001465,0.0146429,"[5.154984951019287, 1.3418235778808594]","[0.013812500000000002, 0.0008304]",1.0,3,
"('GPT_4o', 'GPT_4o')",0.6666666666666666,8.6896653175354,0.021677500000000002,"[5.962196588516235, 2.727468729019165]","[0.014382500000000001, 0.007295000000000001]",2.0,3,
"('GPT_4o', 'GPT_4o_MINI')",0.6666666666666666,11.749728441238403,0.014972100000000002,"[7.53230619430542, 4.217422246932983]","[0.014542500000000002, 0.00042960000000000003]",2.0,3,
"('GPT_4o', 'GPT_4_1_NANO')",0.6666666666666666,9.11017107963562,0.0146008,"[7.125712156295776, 1.9844589233398438]","[0.014312500000000002, 0.0002883]",2.0,3,
"('GPT_4o_MINI', 'GPT_5')",0.6666666666666666,20.970426321029663,0.008989900000000002,"[11.0186288356781, 9.951797485351562]","[0.00083115, 0.008158750000000001]",2.0,3,
"('GPT_4o_MINI', 'GPT_5_MINI')",0.6666666666666666,16.924989461898804,0.00194225,"[10.618316888809204, 6.3066725730896]","[0.0008287499999999998, 0.0011135]",2.0,3,
"('GPT_4o_MINI', 'o4_MINI')",0.6666666666666666,17.0004985332489,0.004981950000000001,"[11.282211780548096, 5.718286752700806]","[0.0008173499999999999, 0.0041646]",2.0,3,
"('GPT_4o_MINI', 'GPT_4_1')",0.6666666666666666,14.45182204246521,0.00629815,"[11.369844198226929, 3.0819778442382812]","[0.00083415, 0.005464]",2.0,3,
"('GPT_4o_MINI', 'GPT_5_NANO')",0.6666666666666666,22.38231873512268,0.00131315,"[10.408087015151978, 11.974231719970703]","[0.00080835, 0.0005048]",2.0,3,
"('GPT_4o_MINI', 'GPT_4_1_MINI')",0.6666666666666666,14.267398834228516,0.00162135,"[10.393693923950195, 3.8737049102783203]","[0.0007993499999999999, 0.000822]",2.0,3,
"('GPT_4o_MINI', 'GPT_4o')",0.6666666666666666,14.266277551651001,0.00772455,"[11.366572618484497, 2.899704933166504]","[0.0008395499999999999, 0.0068850000000000005]",2.0,3,
"('GPT_4o_MINI', 'GPT_4o_MINI')",0.6666666666666666,15.423814296722412,0.0012285,"[11.129684209823608, 4.294130086898804]","[0.00082935, 0.00039915]",2.0,3,
"('GPT_4o_MINI', 'GPT_4_1_NANO')",0.3333333333333333,13.398048162460327,0.0011160500000000002,"[11.307898044586182, 2.0901501178741455]","[0.0008197500000000001, 0.00029630000000000005]",1.0,3,
"('GPT_4_1_NANO', 'GPT_5')",0.6666666666666666,12.049015283584595,0.0079377,"[2.3002736568450928, 9.748741626739502]","[0.0004177, 0.007520000000000001]",2.0,3,
"('GPT_4_1_NANO', 'GPT_5_MINI')",0.3333333333333333,8.69116735458374,0.0014056,"[2.0641846656799316, 6.626982688903809]","[0.0004201, 0.0009854999999999998]",1.0,3,
"('GPT_4_1_NANO', 'o4_MINI')",0.6666666666666666,8.42879867553711,0.0051761,"[2.0095279216766357, 6.419270753860474]","[0.00042410000000000006, 0.004752]",2.0,3,
"('GPT_4_1_NANO', 'GPT_4_1')",0.3333333333333333,5.093983888626099,0.0058717,"[2.0339527130126953, 3.0600311756134033]","[0.0004137, 0.005457999999999999]",1.0,3,
"('GPT_4_1_NANO', 'GPT_5_NANO')",0.6666666666666666,8.867429256439209,0.0007935000000000002,"[2.24703311920166, 6.620396137237549]","[0.00041610000000000003, 0.0003774]",2.0,3,
"('GPT_4_1_NANO', 'GPT_4_1_MINI')",0.6666666666666666,3.3291311264038086,0.0012613,"[2.139570474624634, 1.1895606517791748]","[0.00042449999999999996, 0.0008368]",2.0,3,
"('GPT_4_1_NANO', 'GPT_4o')",0.6666666666666666,6.461464166641235,0.0076316000000000005,"[2.079113483428955, 4.38235068321228]","[0.00042410000000000006, 0.0072075]",2.0,3,
"('GPT_4_1_NANO', 'GPT_4o_MINI')",0.3333333333333333,7.552144289016724,0.0008546500000000001,"[2.087989091873169, 5.464155197143555]","[0.0004201, 0.00043455]",1.0,3,
"('GPT_4_1_NANO', 'GPT_4_1_NANO')",0.6666666666666666,3.9365103244781494,0.0006928,"[2.1206254959106445, 1.8158848285675049]","[0.0004241, 0.0002687000000000001]",2.0,3,
