plan_label,extractor_mean_quality,summarizer_mean_quality,classifier_mean_quality
"('GPT_4_1_MINI', 'o4_MINI', 'GPT_4_1_MINI')",0.3591380325178392,0.4285714285714285,0.7
"('GPT_5_MINI', 'GPT_4_1_MINI', 'GPT_4o_MINI')",0.5256440194193253,1.0,0.7
"('GPT_4_1_NANO', 'GPT_4_1_NANO', 'GPT_4_1_MINI')",0.4556625421822272,0.6666666666666666,0.7
"('o4_MINI', 'GPT_5_NANO', 'GPT_4o_MINI')",0.5710488210372012,0.5,0.6
"('GPT_5_MINI', 'GPT_4_1_NANO', 'GPT_5_MINI')",0.5256115090439484,0.8,0.8
"('GPT_4o', 'GPT_4_1_NANO', 'o4_MINI')",0.697560975609756,0.5,0.7
"('GPT_5_NANO', 'GPT_4o_MINI', 'GPT_4_1')",0.5665965192573993,0.5,0.7
"('o4_MINI', 'GPT_4o', 'GPT_4_1_NANO')",0.6388267165936201,1.0,0.6
"('GPT_5', 'GPT_4o_MINI', 'GPT_4_1_NANO')",0.5324523739171626,0.75,0.7
"('GPT_5_NANO', 'GPT_4o', 'GPT_4_1_MINI')",0.6388445632209814,0.6,0.5
"('GPT_4_1_MINI', 'GPT_5_NANO', 'GPT_5')",0.3553080527178134,0.4285714285714285,0.6
"('GPT_5', 'GPT_5_MINI', 'o4_MINI')",0.5599447765559018,0.8,0.7
"('GPT_4_1_NANO', 'GPT_5', 'GPT_5')",0.5513229862773343,1.0,0.6
"('GPT_4_1', 'GPT_4o', 'GPT_4_1')",0.2643888792904825,1.0,0.6
"('GPT_4_1_MINI', 'GPT_5', 'GPT_4_1_NANO')",0.3596703890501958,1.0,0.6
"('GPT_4o', 'GPT_4_1', 'GPT_5_NANO')",0.7202882483370289,1.0,0.7
"('GPT_4_1', 'GPT_4_1', 'GPT_5_NANO')",0.2548443463298017,1.0,0.6
"('GPT_4_1', 'GPT_4o', 'GPT_5_MINI')",0.2565543296111098,1.0,0.6
"('GPT_4o', 'o4_MINI', 'GPT_4_1_NANO')",0.7007266362402055,0.6666666666666666,0.7
"('GPT_5_NANO', 'GPT_5_NANO', 'GPT_5')",0.6550111960191931,1.0,0.7
"('GPT_5_NANO', 'GPT_5_MINI', 'GPT_4o_MINI')",0.654104494371398,0.6666666666666666,0.6
"('GPT_5_MINI', 'GPT_5_NANO', 'GPT_5_NANO')",0.5238571694546468,0.6,0.7
"('GPT_5', 'GPT_5', 'GPT_4o_MINI')",0.5509726763693357,0.8,0.7
"('GPT_4_1_NANO', 'GPT_5_NANO', 'GPT_5')",0.3515856191053041,0.75,0.6
"('o4_MINI', 'GPT_5', 'GPT_4_1_MINI')",0.571983654366694,1.0,0.6
"('GPT_5_MINI', 'GPT_5', 'GPT_4o')",0.5092973026030161,0.6,0.7
"('GPT_4_1_MINI', 'GPT_4o_MINI', 'GPT_5')",0.3591380325178392,0.1428571428571428,0.6
"('GPT_4_1_MINI', 'o4_MINI', 'GPT_4o')",0.3591380325178392,0.2857142857142857,0.7
"('GPT_5_MINI', 'GPT_4_1_NANO', 'GPT_5')",0.5395587522287684,0.8,0.6
"('GPT_5_MINI', 'GPT_5', 'GPT_4_1')",0.521895085717903,0.8,0.7
"('GPT_5', 'GPT_4o', 'GPT_5_MINI')",0.5385967219438637,0.75,0.6
"('GPT_4o', 'GPT_4o', 'GPT_5')",0.697560975609756,0.5,0.6
"('GPT_4_1_NANO', 'GPT_4o_MINI', 'o4_MINI')",0.5061909854851031,0.3333333333333333,0.6
"('GPT_4_1', 'GPT_4o', 'GPT_4_1_NANO')",0.2568452380758632,0.875,0.6
"('GPT_4o', 'GPT_4o_MINI', 'GPT_5_MINI')",0.7240315638450502,0.6666666666666666,0.7
"('GPT_4_1', 'GPT_5', 'GPT_4_1')",0.2563226024278286,1.0,0.6
"('GPT_4_1_NANO', 'GPT_5_MINI', 'GPT_4_1')",0.3489464758098861,0.4,0.6
"('GPT_5_NANO', 'GPT_5_MINI', 'GPT_5_MINI')",0.6529999915374004,0.3333333333333333,0.6
"('GPT_5_MINI', 'GPT_5_MINI', 'GPT_4_1')",0.5258369290025933,0.75,0.6
"('GPT_5', 'o4_MINI', 'GPT_4_1')",0.5325655563551626,0.5,0.6
"('GPT_5', 'GPT_4_1_MINI', 'GPT_4o')",0.5406487431726336,0.75,0.6
"('GPT_4o', 'GPT_4_1_NANO', 'GPT_4o')",0.6759647314783007,1.0,0.7
"('GPT_4o', 'GPT_5_MINI', 'GPT_4o_MINI')",0.6411744209879073,0.3333333333333333,0.6
"('GPT_5', 'GPT_5', 'GPT_4_1')",0.5718122495068596,0.8,0.8
"('o4_MINI', 'GPT_5_NANO', 'GPT_4_1_NANO')",0.6597569491517596,0.6666666666666666,0.8
"('GPT_5_NANO', 'GPT_4_1_NANO', 'GPT_4_1_MINI')",0.6398907185182979,0.6666666666666666,0.7
"('GPT_5', 'GPT_4_1_MINI', 'GPT_4_1')",0.5691130482641704,0.8,0.7
"('GPT_5_NANO', 'GPT_5', 'GPT_4o')",0.637456453548042,1.0,0.6
"('GPT_5_NANO', 'GPT_5_NANO', 'GPT_4o')",0.6388267165936201,0.5,0.7
"('GPT_5_MINI', 'GPT_4o_MINI', 'GPT_5')",0.5169220875642675,0.5,0.7
"('GPT_4_1_NANO', 'GPT_5_MINI', 'GPT_5_MINI')",0.3564633878529777,0.6,0.6
"('GPT_4o_MINI', 'GPT_4_1', 'GPT_4_1')",0.6377141006961308,1.0,0.6
"('GPT_5', 'GPT_4o', 'GPT_4_1')",0.6372191204871052,0.8,0.7
"('GPT_4o', 'GPT_4_1_MINI', 'GPT_4_1')",0.6498083360924107,1.0,0.8
"('GPT_5_MINI', 'GPT_5_NANO', 'GPT_4_1')",0.5150576849026984,0.25,0.6
"('GPT_4_1', 'GPT_5_MINI', 'GPT_5_MINI')",0.2499364476431277,1.0,0.7
"('GPT_5_MINI', 'GPT_4o_MINI', 'GPT_4o_MINI')",0.5021400880316153,0.6,0.6
"('GPT_4o', 'GPT_5_MINI', 'GPT_5')",0.697560975609756,1.0,0.6
"('GPT_4o_MINI', 'GPT_4_1', 'GPT_5_NANO')",0.6827141006961308,1.0,0.7
"('GPT_4o_MINI', 'GPT_4_1_NANO', 'GPT_5_NANO')",0.5593103448275862,1.0,0.6
"('GPT_4_1_MINI', 'GPT_4o_MINI', 'GPT_4_1_MINI')",0.3547756961854568,0.2857142857142857,0.6
"('GPT_4_1_NANO', 'GPT_5', 'GPT_4_1_MINI')",0.3479832413767218,1.0,0.6
"('GPT_4o', 'GPT_4o', 'GPT_5_MINI')",0.5975609756097561,1.0,0.6
"('GPT_4_1', 'GPT_4_1', 'GPT_5_MINI')",0.2557925767579775,1.0,0.6
"('GPT_5_MINI', 'GPT_4o', 'GPT_4o_MINI')",0.4822193361547131,0.6666666666666666,0.6
"('GPT_5_MINI', 'GPT_4_1', 'GPT_5')",0.5961834895516257,1.0,0.6
"('GPT_4_1', 'GPT_4_1_MINI', 'GPT_5')",0.2599128283762563,1.0,0.6
"('GPT_5_MINI', 'GPT_5', 'GPT_5_NANO')",0.512008170490146,1.0,0.7
"('GPT_4_1_NANO', 'GPT_4o', 'GPT_5_NANO')",0.3537374131219171,0.4,0.7
"('GPT_4_1_NANO', 'GPT_4_1', 'GPT_4_1_MINI')",0.3525916815219796,0.8,0.6
"('o4_MINI', 'GPT_5', 'GPT_4_1')",0.6388267165936201,1.0,0.6
"('GPT_5', 'GPT_4_1', 'o4_MINI')",0.5735886265394037,1.0,0.7
"('GPT_4o_MINI', 'GPT_4_1_NANO', 'GPT_4o')",0.6884108527131783,1.0,0.8
"('GPT_4o_MINI', 'GPT_4o', 'o4_MINI')",0.6561731568123494,1.0,0.9
"('GPT_4o', 'GPT_4o_MINI', 'GPT_4_1_NANO')",0.6759647314783007,0.5,0.7
"('GPT_4o_MINI', 'GPT_5_MINI', 'GPT_5')",0.6218146085817229,0.5,0.6
"('GPT_4_1_NANO', 'GPT_4_1_MINI', 'GPT_4o_MINI')",0.3568935677738974,0.6,0.7
"('GPT_4o', 'o4_MINI', 'GPT_5')",0.6759647314783007,0.5,0.6
"('GPT_4o', 'GPT_4_1_NANO', 'GPT_5_NANO')",0.697560975609756,1.0,0.7
"('GPT_5_NANO', 'GPT_4_1_MINI', 'GPT_4_1')",0.5388267165936201,1.0,0.5
"('GPT_4_1_NANO', 'GPT_4_1_MINI', 'o4_MINI')",0.3529759821304555,0.6,0.7
"('GPT_4_1_MINI', 'GPT_5_MINI', 'GPT_4_1')",0.3553080527178134,0.8571428571428571,0.7
"('GPT_4_1_NANO', 'GPT_5_NANO', 'GPT_4_1_NANO')",0.3449408854490881,0.4,0.6
"('GPT_4_1_NANO', 'GPT_4_1_NANO', 'GPT_5_NANO')",0.3479832413767218,0.6,0.6
"('GPT_4o', 'GPT_4_1_MINI', 'o4_MINI')",0.697560975609756,1.0,0.7
"('GPT_5_MINI', 'GPT_5_MINI', 'GPT_4_1_NANO')",0.5948174247502946,0.6666666666666666,0.7
"('GPT_4_1_NANO', 'GPT_4_1_NANO', 'o4_MINI')",0.4526333030027297,0.6666666666666666,0.6
"('o4_MINI', 'GPT_4o_MINI', 'GPT_4o_MINI')",0.6013320516341665,0.5,0.6
"('GPT_4_1_MINI', 'GPT_5', 'GPT_5_NANO')",0.3553080527178134,0.8571428571428571,0.6
"('GPT_4_1', 'GPT_4o_MINI', 'GPT_4o_MINI')",0.2599761106198662,0.625,0.6
"('GPT_4_1', 'GPT_5_NANO', 'GPT_4_1_MINI')",0.2544390970719175,0.875,0.7
"('GPT_4o', 'GPT_4_1_NANO', 'GPT_4_1_MINI')",0.5975609756097561,1.0,0.6
"('GPT_4_1_NANO', 'GPT_5_NANO', 'GPT_4_1')",0.3486038500506586,0.25,0.6
"('GPT_4_1_MINI', 'GPT_5', 'GPT_5')",0.3547537214663773,1.0,0.6
"('GPT_4o', 'GPT_5_NANO', 'GPT_4o_MINI')",0.6258628624022089,0.5,0.6
"('GPT_4o_MINI', 'GPT_5_MINI', 'GPT_5_NANO')",0.5880282935455349,1.0,0.7
"('GPT_4o_MINI', 'GPT_4o_MINI', 'o4_MINI')",0.7032127838519765,0.3333333333333333,0.6
"('GPT_5_NANO', 'GPT_4_1', 'GPT_4_1_MINI')",0.619119936016245,1.0,0.6
"('GPT_4o_MINI', 'GPT_4_1', 'GPT_5')",0.7043103448275863,1.0,0.7
"('GPT_4_1_NANO', 'GPT_5_NANO', 'GPT_4o_MINI')",0.4131428571428571,1.0,0.5
"('GPT_4o', 'GPT_4_1_NANO', 'GPT_5')",0.5975609756097561,1.0,0.6
"('GPT_5', 'GPT_4_1', 'GPT_4_1_NANO')",0.5810994162496106,1.0,0.7
"('GPT_4_1_NANO', 'GPT_4_1', 'o4_MINI')",0.3559310313206211,0.8,0.6
"('GPT_5_NANO', 'GPT_4o_MINI', 'GPT_5_MINI')",0.7073534528610471,0.6666666666666666,0.7
"('GPT_5_NANO', 'GPT_4o', 'GPT_5_NANO')",0.5388267165936201,1.0,0.5
"('GPT_5_NANO', 'GPT_4o_MINI', 'GPT_5_NANO')",0.5388267165936201,0.3333333333333333,0.5
"('o4_MINI', 'GPT_4o_MINI', 'GPT_4_1_NANO')",0.6873933029068721,0.6666666666666666,0.8
"('GPT_5_MINI', 'GPT_5_MINI', 'GPT_4_1_MINI')",0.5006587430581744,0.25,0.7
"('GPT_4o_MINI', 'GPT_4_1_MINI', 'GPT_4_1')",0.6593103448275862,1.0,0.6
"('o4_MINI', 'GPT_5_NANO', 'GPT_4_1_MINI')",0.6762735036247988,0.6666666666666666,0.8
"('GPT_5_NANO', 'GPT_4_1_NANO', 'o4_MINI')",0.5388267165936201,1.0,0.6
"('GPT_4o_MINI', 'GPT_4o', 'GPT_4_1')",0.7032127838519765,0.6666666666666666,0.7
"('GPT_5_MINI', 'GPT_4_1_MINI', 'o4_MINI')",0.5404571262982708,1.0,0.7
"('GPT_4_1_NANO', 'o4_MINI', 'GPT_4_1')",0.4418391818343397,0.5,0.6
"('GPT_4_1', 'GPT_5_NANO', 'GPT_4o')",0.2507391198858614,1.0,0.7
"('GPT_4_1', 'GPT_4_1_MINI', 'GPT_5_MINI')",0.2571964828414393,1.0,0.6
"('GPT_5_MINI', 'o4_MINI', 'GPT_5_NANO')",0.5147642322902237,0.6,0.6
"('GPT_4o_MINI', 'GPT_4_1_MINI', 'GPT_4_1_NANO')",0.6377141006961308,1.0,0.7
"('GPT_5_NANO', 'GPT_5', 'GPT_5')",0.8265460148392341,1.0,0.7
"('GPT_4_1_NANO', 'GPT_5', 'GPT_4o')",0.446,1.0,0.6
"('GPT_4o', 'o4_MINI', 'GPT_5_NANO')",0.721090387374462,0.6666666666666666,0.7
"('GPT_5_NANO', 'GPT_5_MINI', 'GPT_4_1_NANO')",0.5388267165936201,0.6666666666666666,0.5
"('GPT_5', 'GPT_4o_MINI', 'GPT_5_NANO')",0.5358930948877344,0.75,0.6
"('GPT_4_1_NANO', 'GPT_5_MINI', 'GPT_4_1_MINI')",0.6096591935775886,0.3333333333333333,0.6
"('o4_MINI', 'GPT_4_1_MINI', 'GPT_5_MINI')",0.6700767165936201,1.0,0.7
"('o4_MINI', 'GPT_4o_MINI', 'GPT_5_NANO')",0.6609497597136421,1.0,0.7
"('GPT_5_NANO', 'GPT_5_NANO', 'GPT_4_1')",0.672535769076889,0.5,0.6
"('o4_MINI', 'GPT_4_1_NANO', 'GPT_5_NANO')",0.685739416421278,1.0,0.8
"('GPT_4o', 'GPT_5_MINI', 'GPT_4_1_MINI')",0.7214415726246814,0.6666666666666666,0.7
"('GPT_5', 'GPT_4o', 'GPT_4o')",0.567367919436123,0.4,0.6
"('GPT_4o', 'GPT_4_1', 'GPT_4_1_NANO')",0.6155789936277741,1.0,0.7
"('GPT_4o', 'GPT_4o_MINI', 'GPT_4_1')",0.6986920042055734,0.6666666666666666,0.7
"('GPT_4o_MINI', 'GPT_4o_MINI', 'GPT_4_1')",0.6319307325699252,0.6666666666666666,0.7
"('GPT_4o_MINI', 'GPT_4o', 'GPT_5_NANO')",0.7043103448275863,0.6666666666666666,0.7
"('o4_MINI', 'GPT_5_MINI', 'GPT_5_NANO')",0.6667903316170942,1.0,0.8
"('GPT_4_1', 'GPT_4_1', 'GPT_4_1_NANO')",0.2598621188994349,1.0,0.6
"('GPT_4o_MINI', 'GPT_5', 'GPT_4_1')",0.6398801453973868,1.0,0.8
"('GPT_4_1_NANO', 'GPT_5', 'o4_MINI')",0.4609040511727079,1.0,0.6
"('GPT_5', 'GPT_4_1', 'GPT_4_1_MINI')",0.5648108733049628,0.8,0.7
"('GPT_5', 'GPT_4_1', 'GPT_4o_MINI')",0.5569371210725523,1.0,0.6
"('GPT_4_1', 'GPT_5', 'GPT_4o')",0.2606148357418378,1.0,0.6
"('GPT_4_1_NANO', 'GPT_5_MINI', 'GPT_5_NANO')",0.4556625421822272,0.3333333333333333,0.6
"('GPT_5_MINI', 'GPT_5_MINI', 'GPT_5_NANO')",0.4820605772468849,0.6666666666666666,0.5
"('GPT_5', 'GPT_4_1_MINI', 'GPT_4_1_MINI')",0.5762173360147145,1.0,0.7
"('GPT_5_MINI', 'o4_MINI', 'GPT_4_1_NANO')",0.4149921234457522,0.3333333333333333,0.7
"('GPT_5_NANO', 'GPT_5_MINI', 'GPT_4_1')",0.6390098164746052,1.0,0.6
"('GPT_4_1_NANO', 'GPT_5_NANO', 'GPT_5_NANO')",0.3702857142857143,0.5,0.6
"('GPT_4_1_MINI', 'GPT_5_NANO', 'GPT_4o_MINI')",0.3596703890501958,0.5714285714285714,0.7
"('GPT_5_NANO', 'o4_MINI', 'GPT_4_1')",0.5447391196468782,0.5,0.6
"('GPT_4_1', 'GPT_5', 'GPT_5_MINI')",0.254294693364853,1.0,0.6
"('GPT_4_1_NANO', 'GPT_4_1', 'GPT_4o')",0.441101437883927,1.0,0.6
"('GPT_5_NANO', 'GPT_4o', 'GPT_4o_MINI')",0.5557341411913873,0.75,0.6
"('GPT_4_1_NANO', 'GPT_4o_MINI', 'GPT_5')",0.356028136213493,0.5,0.6
"('GPT_5', 'GPT_4_1_NANO', 'GPT_5')",0.5676483280781606,0.8,0.8
"('GPT_5', 'GPT_4o_MINI', 'GPT_4_1_MINI')",0.5329052936859711,0.5,0.6
"('GPT_4_1_NANO', 'o4_MINI', 'GPT_4o_MINI')",0.5724982540712585,0.6666666666666666,0.7
"('GPT_4o_MINI', 'GPT_4_1_MINI', 'GPT_4_1_MINI')",0.7054641909814323,1.0,0.8
"('o4_MINI', 'GPT_4o', 'GPT_5_MINI')",0.6703351808449522,1.0,0.7
"('GPT_4_1_MINI', 'GPT_4_1', 'GPT_4o')",0.3553080527178134,0.8571428571428571,0.6
"('o4_MINI', 'GPT_4_1_MINI', 'GPT_4o_MINI')",0.6502552880221916,1.0,0.6
"('GPT_4_1_MINI', 'GPT_5', 'GPT_4_1_MINI')",0.3553080527178134,1.0,0.6
"('GPT_5_MINI', 'GPT_5', 'GPT_4_1_NANO')",0.5313243710619576,0.75,0.7
"('GPT_4_1_NANO', 'GPT_4_1', 'GPT_5_NANO')",0.4983243031155354,0.6666666666666666,0.6
"('GPT_4o_MINI', 'GPT_4_1_MINI', 'GPT_4o')",0.5880282935455349,1.0,0.7
"('GPT_4_1_MINI', 'GPT_5_MINI', 'GPT_4_1_MINI')",0.3553080527178134,0.7142857142857143,0.6
"('GPT_4o', 'GPT_4o_MINI', 'o4_MINI')",0.7009647314783007,0.6666666666666666,0.6
"('GPT_4_1', 'GPT_4_1_NANO', 'GPT_4_1')",0.2573380051259487,1.0,0.7
"('GPT_4_1', 'GPT_5_MINI', 'GPT_5')",0.2600519897836461,0.875,0.6
"('GPT_4_1', 'GPT_5', 'GPT_5')",0.2516958395810104,1.0,0.6
"('GPT_4o', 'GPT_5_MINI', 'o4_MINI')",0.6225609756097561,1.0,0.6
"('GPT_4o', 'GPT_4_1_MINI', 'GPT_5')",0.6759647314783007,1.0,0.6
"('GPT_5_NANO', 'GPT_4_1', 'GPT_5')",0.537024445523717,1.0,0.5
"('GPT_5', 'o4_MINI', 'o4_MINI')",0.5387945853144429,0.5,0.6
"('GPT_4o', 'GPT_4o', 'GPT_4_1_MINI')",0.697560975609756,0.5,0.6
"('GPT_5', 'GPT_4_1_MINI', 'GPT_5_MINI')",0.5731344330371912,0.8,0.7
"('GPT_5', 'GPT_4_1', 'GPT_5')",0.578033573598921,1.0,0.7
"('GPT_4_1_NANO', 'o4_MINI', 'GPT_4_1_NANO')",0.4406790890269151,1.0,0.7
"('GPT_4_1_NANO', 'GPT_4_1_NANO', 'GPT_4o_MINI')",0.5061909854851031,0.3333333333333333,0.6
"('o4_MINI', 'GPT_4o', 'GPT_4_1')",0.6388267165936201,1.0,0.6
"('GPT_4_1_MINI', 'GPT_4_1_MINI', 'GPT_5_NANO')",0.4547756961854568,1.0,0.6
"('GPT_5', 'GPT_4o_MINI', 'GPT_4o')",0.6111457636033898,0.8,0.7
"('GPT_5_MINI', 'GPT_5', 'GPT_5')",0.5355767264241709,0.8,0.8
"('GPT_5_MINI', 'GPT_5_MINI', 'GPT_4o')",0.5366904578962075,0.6,0.5
"('GPT_4o', 'o4_MINI', 'GPT_5_MINI')",0.7052330241612276,0.6666666666666666,0.6
"('GPT_4_1', 'o4_MINI', 'GPT_4_1_NANO')",0.2553406673606994,1.0,0.6
"('GPT_5_MINI', 'GPT_5_NANO', 'GPT_4_1_NANO')",0.603729880256196,0.8,0.6
"('GPT_4o_MINI', 'GPT_5_MINI', 'GPT_4_1')",0.6330282935455349,1.0,0.8
"('GPT_5', 'GPT_5_NANO', 'o4_MINI')",0.5360713408088568,0.75,0.6
"('GPT_5_NANO', 'GPT_5_MINI', 'GPT_5')",0.6615539893208928,1.0,0.7
"('GPT_4_1', 'GPT_4_1', 'GPT_4o_MINI')",0.2578145568775484,1.0,0.6
"('GPT_5', 'o4_MINI', 'GPT_5_MINI')",0.567574564245419,0.6,0.8
"('GPT_5_NANO', 'o4_MINI', 'GPT_4o')",0.6388267165936201,0.5,0.6
"('GPT_4_1_NANO', 'GPT_4o', 'GPT_4o')",0.447660247288366,0.3333333333333333,0.6
"('GPT_5', 'GPT_4_1_MINI', 'GPT_4_1_NANO')",0.512307884081469,0.75,0.6
"('GPT_5_NANO', 'GPT_5', 'GPT_4o_MINI')",0.5406240992449997,1.0,0.6
"('GPT_4o_MINI', 'GPT_5_NANO', 'GPT_5')",0.6434108527131783,1.0,0.6
"('GPT_4o', 'GPT_5_NANO', 'GPT_4o')",0.5975609756097561,1.0,0.6
"('GPT_4_1_NANO', 'GPT_4o', 'GPT_4_1_MINI')",0.4619915987529145,0.75,0.7
"('GPT_4o_MINI', 'o4_MINI', 'GPT_4_1')",0.5880282935455349,1.0,0.7
"('GPT_4_1_MINI', 'GPT_4o_MINI', 'GPT_5_MINI')",0.3547756961854568,0.4285714285714285,0.6
"('GPT_4_1_MINI', 'GPT_4_1', 'GPT_5_MINI')",0.3675715427423747,0.7142857142857143,0.6
"('GPT_4_1', 'GPT_5_MINI', 'GPT_4_1_NANO')",0.260416342415383,1.0,0.6
"('GPT_5_MINI', 'GPT_4_1_MINI', 'GPT_5_MINI')",0.5123132432013774,0.6,0.8
"('GPT_4o_MINI', 'GPT_4o_MINI', 'GPT_4_1_NANO')",0.6593103448275862,0.5,0.6
"('GPT_5_NANO', 'GPT_5_NANO', 'o4_MINI')",0.7065184319613056,1.0,0.8
"('GPT_4_1', 'GPT_5', 'GPT_4o_MINI')",0.2601507423345087,1.0,0.6
"('GPT_5_MINI', 'GPT_5_NANO', 'GPT_5')",0.489648051418414,0.75,0.6
"('GPT_5', 'GPT_4_1_NANO', 'GPT_4o_MINI')",0.58510926463468,0.8,0.9
"('GPT_5_MINI', 'GPT_4_1', 'GPT_4o')",0.407923376022233,0.6,0.7
"('GPT_4o', 'GPT_5', 'GPT_5')",0.697560975609756,1.0,0.6
"('GPT_5_NANO', 'GPT_5', 'GPT_4_1_NANO')",0.6615539893208928,0.6666666666666666,0.6
"('GPT_4o', 'GPT_4_1', 'GPT_4o_MINI')",0.697560975609756,1.0,0.6
"('GPT_4_1_MINI', 'GPT_4o_MINI', 'GPT_5_NANO')",0.3591380325178392,0.1428571428571428,0.6
"('GPT_4o', 'GPT_4_1', 'GPT_4_1')",0.721090387374462,1.0,0.7
"('GPT_4_1_NANO', 'GPT_5_NANO', 'o4_MINI')",0.4556625421822272,0.6666666666666666,0.6
"('GPT_4_1', 'GPT_4_1_MINI', 'GPT_4_1')",0.2473596321169268,1.0,0.6
"('GPT_4_1_MINI', 'GPT_5', 'GPT_4_1')",0.3553080527178134,1.0,0.6
"('GPT_4_1', 'GPT_4_1_NANO', 'GPT_5_NANO')",0.2590975866531194,1.0,0.7
"('GPT_4o', 'GPT_4o_MINI', 'GPT_5')",0.5975609756097561,1.0,0.6
"('GPT_4_1', 'GPT_5_NANO', 'o4_MINI')",0.253991463553038,0.75,0.6
"('o4_MINI', 'GPT_5_NANO', 'GPT_5_NANO')",0.5831502334523482,0.5,0.6
"('GPT_5_NANO', 'GPT_4_1_MINI', 'GPT_5_MINI')",0.7570077749073463,1.0,0.7
"('GPT_4o_MINI', 'o4_MINI', 'GPT_4o')",0.6032127838519765,1.0,0.7
"('GPT_5_MINI', 'GPT_4o_MINI', 'GPT_5_MINI')",0.4970140779878572,0.8,0.6
"('GPT_5_NANO', 'GPT_5_NANO', 'GPT_4o_MINI')",0.7388267165936202,0.6666666666666666,0.8
"('GPT_5', 'GPT_4o', 'GPT_5')",0.5384735521085535,0.75,0.6
"('GPT_4o_MINI', 'GPT_5_MINI', 'GPT_4o')",0.6567906697831587,1.0,0.8
"('GPT_4o_MINI', 'GPT_5_NANO', 'GPT_4o')",0.7043103448275863,1.0,0.7
"('GPT_5_MINI', 'GPT_5_NANO', 'GPT_4o')",0.5268645305102658,0.8,0.8
"('o4_MINI', 'GPT_4_1', 'GPT_4o_MINI')",0.5831502334523482,1.0,0.7
"('GPT_5', 'GPT_5_NANO', 'GPT_4_1_MINI')",0.5356523568229855,0.75,0.6
"('o4_MINI', 'GPT_5', 'GPT_5_NANO')",0.6703351808449522,0.6666666666666666,0.6
"('o4_MINI', 'GPT_4_1', 'GPT_5')",0.6502079069616347,1.0,0.6
"('GPT_5_NANO', 'GPT_4_1', 'GPT_5_MINI')",0.6664966065543994,1.0,0.8
"('GPT_5_MINI', 'GPT_4_1_NANO', 'GPT_4_1')",0.5027885800857381,0.8,0.8
"('GPT_4o_MINI', 'GPT_4o_MINI', 'GPT_4o_MINI')",0.6377141006961308,0.5,0.6
"('GPT_4o', 'GPT_5', 'GPT_4o_MINI')",0.6225609756097561,1.0,0.6
"('GPT_4_1_MINI', 'GPT_4_1', 'GPT_4_1')",0.4596703890501958,0.6666666666666666,0.6
"('GPT_5', 'GPT_4_1', 'GPT_4_1')",0.5989584733023334,1.0,0.7
"('GPT_4o_MINI', 'GPT_4_1_MINI', 'GPT_5_NANO')",0.6434108527131783,1.0,0.7
"('GPT_5_NANO', 'GPT_4_1_MINI', 'o4_MINI')",0.6915129768525833,1.0,0.8
"('GPT_5_MINI', 'GPT_4_1', 'GPT_4_1')",0.5967871526018774,0.8,0.7
"('GPT_4_1_NANO', 'GPT_4o_MINI', 'GPT_4_1_MINI')",0.3705633868844774,0.2,0.6
"('GPT_4_1_MINI', 'GPT_4o', 'GPT_4_1')",0.4547629785730476,0.3333333333333333,0.7
"('GPT_4_1', 'GPT_4_1', 'GPT_4_1_MINI')",0.2547747170738253,1.0,0.6
"('GPT_4_1_MINI', 'GPT_4_1_MINI', 'GPT_5')",0.3596703890501958,1.0,0.7
"('GPT_4_1_MINI', 'o4_MINI', 'GPT_4o_MINI')",0.4596703890501958,0.3333333333333333,0.7
"('GPT_4o_MINI', 'GPT_5', 'GPT_4o_MINI')",0.6162376337573188,1.0,0.7
"('GPT_4_1', 'GPT_5_MINI', 'GPT_4o_MINI')",0.2519064422076278,1.0,0.7
"('GPT_5_MINI', 'GPT_4_1', 'GPT_5_NANO')",0.5021824856907414,1.0,0.6
"('GPT_4_1_NANO', 'GPT_4_1_MINI', 'GPT_5_NANO')",0.4984571797296359,1.0,0.7
"('GPT_4_1_MINI', 'GPT_4_1_MINI', 'o4_MINI')",0.3596703890501958,0.8571428571428571,0.7
"('GPT_5_MINI', 'GPT_4_1_MINI', 'GPT_4_1_MINI')",0.434988499987577,1.0,0.6
"('GPT_5', 'GPT_4o_MINI', 'GPT_4o_MINI')",0.5394705675152764,0.5,0.6
"('GPT_4_1', 'GPT_4_1_NANO', 'GPT_4o_MINI')",0.2553548765730321,0.875,0.7
"('GPT_5_NANO', 'GPT_4o', 'GPT_5_MINI')",0.6388267165936201,1.0,0.6
"('GPT_4_1_NANO', 'GPT_4_1_MINI', 'GPT_4o')",0.3556625421822272,0.75,0.7
"('GPT_5_MINI', 'GPT_4o', 'GPT_4o')",0.6047615273724739,0.6,0.6
"('GPT_4o', 'GPT_5_MINI', 'GPT_4o')",0.7487826950667696,0.75,0.8
"('GPT_5_NANO', 'GPT_5_MINI', 'GPT_4_1_MINI')",0.5440881675377276,0.75,0.7
"('o4_MINI', 'GPT_5_MINI', 'o4_MINI')",0.6202882483370289,0.5,0.6
"('GPT_4_1_NANO', 'o4_MINI', 'GPT_5')",0.4061909854851031,0.75,0.5
"('GPT_5_NANO', 'GPT_4_1_MINI', 'GPT_4o_MINI')",0.507289707423755,1.0,0.6
"('o4_MINI', 'GPT_4o_MINI', 'GPT_5_MINI')",0.5919172693820581,1.0,0.6
"('GPT_5_NANO', 'GPT_4o_MINI', 'GPT_5')",0.6388267165936201,0.5,0.6
"('GPT_5', 'GPT_4o_MINI', 'o4_MINI')",0.5778216696161438,0.8,0.7
"('GPT_4_1_MINI', 'GPT_4o', 'GPT_4_1_MINI')",0.3591380325178392,0.2857142857142857,0.7
"('GPT_4_1_MINI', 'GPT_4_1_MINI', 'GPT_5_MINI')",0.3591380325178392,0.8571428571428571,0.6
"('GPT_4o', 'o4_MINI', 'GPT_4_1')",0.7206378986866792,0.6666666666666666,0.7
"('GPT_4o_MINI', 'GPT_4_1_MINI', 'GPT_5_MINI')",0.6657170476061132,1.0,0.7
"('o4_MINI', 'GPT_5_NANO', 'GPT_5_MINI')",0.6703351808449522,0.6666666666666666,0.7
"('GPT_4o_MINI', 'GPT_4_1_MINI', 'GPT_4o_MINI')",0.6593103448275862,1.0,0.7
"('GPT_4o', 'GPT_5_MINI', 'GPT_5_NANO')",0.5975609756097561,1.0,0.6
"('GPT_4_1_MINI', 'GPT_4o', 'GPT_5_MINI')",0.3596703890501958,0.4285714285714285,0.7
"('GPT_4_1_MINI', 'GPT_4_1', 'o4_MINI')",0.4553080527178134,0.5,0.6
"('GPT_5_NANO', 'o4_MINI', 'o4_MINI')",0.5562318101671871,0.75,0.8
"('GPT_5', 'GPT_4o', 'GPT_4o_MINI')",0.5370940669786328,0.75,0.6
"('GPT_5', 'GPT_5_NANO', 'GPT_4_1_NANO')",0.535212077150111,0.5,0.7
"('GPT_4_1', 'GPT_4o_MINI', 'GPT_4_1')",0.2501927551327094,0.875,0.6
"('GPT_5_NANO', 'GPT_4o', 'GPT_4_1_NANO')",0.6106761436303977,0.8,0.8
"('GPT_4o', 'GPT_5', 'GPT_4_1_MINI')",0.5975609756097561,1.0,0.6
"('GPT_5_MINI', 'GPT_4o', 'GPT_5_NANO')",0.5077832990599891,1.0,0.7
"('GPT_4o_MINI', 'GPT_4_1_NANO', 'GPT_4_1')",0.7032127838519765,1.0,0.8
"('GPT_5_MINI', 'GPT_5_NANO', 'GPT_4_1_MINI')",0.4885695596935184,0.6,0.7
"('GPT_5_NANO', 'o4_MINI', 'GPT_5_NANO')",0.6388267165936201,0.5,0.7
"('GPT_5', 'o4_MINI', 'GPT_5_NANO')",0.5803882928647814,0.8,0.8
"('GPT_5_NANO', 'GPT_4_1_MINI', 'GPT_5_NANO')",0.6501318486598116,0.8,0.7
"('GPT_4o', 'GPT_4o', 'GPT_4_1')",0.697560975609756,0.5,0.6
"('GPT_4_1_NANO', 'o4_MINI', 'GPT_4_1_MINI')",0.3525174915326477,0.4,0.7
"('GPT_4o', 'GPT_4o', 'GPT_4o')",0.6759647314783007,1.0,0.6
"('o4_MINI', 'GPT_4o', 'GPT_5_NANO')",0.6615539893208928,1.0,0.7
"('GPT_4_1_NANO', 'GPT_4o', 'GPT_4_1_NANO')",0.5567817363624175,0.3333333333333333,0.6
"('GPT_4_1_NANO', 'GPT_4_1_MINI', 'GPT_4_1')",0.3609040511727078,0.5,0.7
"('GPT_5_NANO', 'GPT_5_MINI', 'GPT_4o')",0.5365083949747563,0.75,0.5
"('GPT_4o_MINI', 'GPT_5_NANO', 'GPT_5_MINI')",0.5880282935455349,1.0,0.7
"('GPT_4_1_NANO', 'GPT_5_MINI', 'o4_MINI')",0.353485536270583,0.4,0.6
"('o4_MINI', 'o4_MINI', 'o4_MINI')",0.6615539893208928,1.0,0.8
"('GPT_4_1', 'GPT_4o', 'o4_MINI')",0.254740233855966,0.875,0.6
"('GPT_4o_MINI', 'GPT_4_1_MINI', 'GPT_5')",0.5593103448275862,1.0,0.6
"('GPT_4_1_MINI', 'GPT_5_MINI', 'GPT_4_1_NANO')",0.4553080527178134,0.5,0.7
"('GPT_4_1_NANO', 'GPT_4o_MINI', 'GPT_4_1_NANO')",0.3522490023942538,0.25,0.6
"('GPT_5_MINI', 'GPT_4_1_NANO', 'GPT_4_1_NANO')",0.5136789994794881,0.8,0.8
"('o4_MINI', 'GPT_4_1_MINI', 'GPT_4_1')",0.5975609756097561,1.0,0.6
"('GPT_4_1_NANO', 'GPT_4o', 'GPT_5_MINI')",0.562596500512489,0.3333333333333333,0.7
